Nome do Artista,Sexo,País de Origem,Idioma Principal,Gênero Musical Principal,Tipo de Artista,Ano de Estreia,Total de Streams (milhões),Streams como Artista Principal (milhões),Streams como Participação (milhões),Streams Solo (milhões),Percentual de Streams Solo,Streams Colaborativos (milhões),Percentual de Streams Colaborativos
Drake,Male,Canada,English,Hip-Hop,Solo,2006,137492.1,94851.1,42640.9,53323.9,38.7832,84168.2,61.2168
Taylor Swift,Female,United States,English,Pop,Solo,2006,127861,126177.3,1683.8,113421.5,88.7069,14439.5,11.2931
Bad Bunny,Male,United States,Spanish,Reggaeton,Solo,2013,125899.8,82189.3,43710.5,48887,38.8301,77012.8,61.1699
The Weeknd,Male,Canada,English,R&B,Solo,2009,95703.2,77189.4,18513.8,51020,53.3107,44683.2,46.6893
Justin Bieber,Male,Canada,English,Pop,Solo,2009,78104.4,48316.2,29788.2,29638.3,37.947,48466.1,62.053
Ariana Grande,Female,United States,English,Pop,Solo,2013,68298.9,57097.5,11201.4,41615.5,60.9314,26683.4,39.0686
Travis Scott,Male,United States,English,Hip-Hop,Solo,2013,65349.7,35338.7,30027,25309.9,38.7299,40039.8,61.2701
Kanye West,Male,United States,English,Hip-Hop,Solo,2004,65142.9,46558.4,18584.5,28473,43.7085,36669.9,56.2915
Ed Sheeran,Male,United Kingdom,English,Pop,Solo,2011,64656.9,57704,6967.8,46700,72.2274,17956.9,27.7726
Eminem,Male,United States,English,Hip-Hop,Solo,1996,64549,54466.8,10100.7,32940,51.031,31609,48.969
Rihanna,Female,Barbados,English,Pop,Solo,2005,60670.7,44824.4,15846.4,30261.8,49.8788,30408.9,50.1212
Billie Eilish,Female,United States,English,Pop,Solo,2015,58049.5,57160.1,889.4,51567.9,88.8344,6481.6,11.1656
Bruno Mars,Male,United States,English,Pop,Solo,2010,56727.1,40714,16013.1,33618.1,59.2629,23109,40.7371
Kendrick Lamar,Male,United States,English,Hip-Hop,Solo,2009,56459.5,40752.2,15725,23403.5,41.4518,33056,58.5482
Post Malone,Male,United States,English,Pop,Solo,2011,55028.3,48805.6,6235.6,25419.4,46.1933,29608.9,53.8067
J Balvin,Male,Colombia,Spanish,Reggaeton,Solo,2004,54649.2,25333.3,29334,7844.5,14.3543,46804.7,85.6457
Future,Male,United States,English,Hip-Hop,Solo,2010,53951.5,27879,26072.5,12647.5,23.4424,41304,76.5576
BTS,Male,South Korea,Korean,K-Pop,Group,2013,53308.9,47969.9,5339,44114.4,82.7524,9194.5,17.2476
Ozuna,Male,United States,Spanish,Reggaeton,Solo,2012,47649.2,20247.1,27418.9,8621.1,18.0929,39028.1,81.9071
Coldplay,Male,United Kingdom,English,Rock,Group,1999,46720.4,42837.1,3901.3,38535.2,82.4805,8185.2,17.5195
Juice WRLD,Male,United States,English,Hip-Hop,Solo,2015,46276.4,34132.1,12155.1,26675.7,57.6443,19600.7,42.3557
Chris Brown,Male,United States,English,R&B,Solo,2005,43963.8,24455.7,19523.9,12219.3,27.794,31744.5,72.206
Nicki Minaj,Female,Trinidad and Tobago,English,Hip-Hop,Solo,2007,43330.3,16316.4,27027.9,9618.2,22.1974,33712.1,77.8026
Lana Del Rey,Female,United States,English,Alternative,Solo,2010,42464.1,38477.3,3986.8,34578.4,81.4297,7885.7,18.5703
David Guetta,Male,France,English,EDM,Solo,1990,42059.5,30750.8,11325.3,406.8,0.9672,41652.7,99.0328
Dua Lipa,Female,United Kingdom,English,Pop,Solo,2015,41944.1,28269.7,13687.6,23133.7,55.1536,18810.4,44.8464
Daddy Yankee,Male,United States,Spanish,Reggaeton,Solo,1991,41405.4,19772.1,21650,10692.8,25.8247,30712.6,74.1753
Rauw Alejandro,Male,United States,Spanish,Reggaeton,Solo,2014,40738.6,24898,15857.7,10432.5,25.6084,30306.1,74.3916
Anuel AA,Male,United States,Spanish,Reggaeton,Solo,2011,40453.3,18355.6,22118.9,6177,15.2695,34276.3,84.7305
XXXTENTACION,Male,United States,English,Hip-Hop,Solo,2013,40411.3,34419.9,5998.9,28138.4,69.63,12272.9,30.37
Imagine Dragons,Male,United States,English,Rock,Group,2012,40279.5,38006.7,2283.2,33880.4,84.1133,6399.1,15.8867
Lil Wayne,Male,United States,English,Hip-Hop,Solo,1997,40148.2,15870.4,24279.9,4050.9,10.0899,36097.3,89.9101
21 Savage,Male,United Kingdom,English,Hip-Hop,Solo,2014,39024.3,15878,23155.6,7883.1,20.2005,31141.2,79.7995
SZA,Female,United States,English,R&B,Solo,2012,38879.6,25267.5,13627.2,19804.6,50.9383,19075,49.0617
Arijit Singh,Male,India,Hindi,Filmi,Solo,2011,37687.8,13330.4,24384.8,4537.4,12.0394,33150.4,87.9606
Lady Gaga,Female,United States,English,Pop,Solo,2008,37565.4,37009.7,572,23546.2,62.6806,14019.2,37.3194
KAROL G,Female,Colombia,Spanish,Reggaeton,Solo,2007,37549.7,29603.8,7961.5,14790.4,39.3889,22759.3,60.6111
Lil Baby,Male,United States,English,Hip-Hop,Solo,2017,35931.9,18773.5,17171.5,8928.8,24.8492,27003.1,75.1508
Maroon 5,Mixed,United States,English,Pop,Group,2002,35794.1,35585.8,222.6,23312.5,65.1294,12481.6,34.8706
Khalid,Male,United States,English,R&B,Solo,2016,35727.2,18499.9,17234.4,12520.6,35.045,23206.6,64.955
Beyoncé,Female,United States,English,Pop,Solo,2003,34975.2,29662.8,5325.3,21863.9,62.5126,13111.3,37.4874
Maluma,Male,Colombia,Spanish,Latin,Solo,2010,34841,19449.8,15404.7,11616.3,33.3409,23224.7,66.6591
Feid,Male,Colombia,Spanish,Reggaeton,Solo,2015,34579.1,18725.6,15774.1,9877.3,28.5644,24701.8,71.4356
Calvin Harris,Male,Scotland,English,EDM,Solo,2007,34129.7,31846,2298.3,5998.8,17.5765,28130.9,82.4235
Myke Towers,Male,United States,Spanish,Reggaeton,Solo,2016,33620.7,14022.5,19614.7,9406.6,27.9786,24214.1,72.0214
Linkin Park,Mixed,United States,English,Rock,Group,2000,33224.7,31426.6,1798.1,30151.2,90.7494,3073.5,9.2506
Peso Pluma,Male,Mexico,Spanish,Regional Mexican,Solo,2020,33179.8,18699.1,14501.2,3938.3,11.8696,29241.5,88.1304
J. Cole,Male,United States,English,Hip-Hop,Solo,2007,32200.9,24334.7,7876.1,18999.5,59.003,13201.4,40.997
Lil Uzi Vert,Male,United States,English,Hip-Hop,Solo,2014,32115.9,21117.5,11006.6,16803.2,52.3205,15312.7,47.6795
Sia,Female,Australia,English,Pop,Solo,1997,31642.1,21063.2,10588.2,15741.1,49.7473,15901,50.2527
Doja Cat,Female,United States,English,Pop,Solo,2012,31214.3,25574.2,5650.9,18797.1,60.2195,12417.2,39.7805
Shakira,Female,Colombia,Spanish,Latin,Solo,1991,31212.4,24041,7171.5,11661.1,37.3605,19551.3,62.6395
Morgan Wallen,Male,United States,English,Country,Solo,2014,31171.1,26589.9,4600.4,23825.8,76.4355,7345.3,23.5645
Young Thug,Male,United States,English,Hip-Hop,Solo,2011,30933.8,10464.2,20472.3,2792.1,9.026,28141.7,90.974
Farruko,Male,United States,Spanish,Reggaeton,Solo,2009,29775.3,8548.7,21237.2,4615.9,15.5024,25159.4,84.4976
Shawn Mendes,Male,Canada,English,Pop,Solo,2014,29471.1,28781,699,22074.9,74.9035,7396.2,25.0965
Harry Styles,Male,United Kingdom,English,Pop,Solo,2010,29449,29462.8,0,29449,100,0,0
Queen,Male,United Kingdom,English,Rock,Group,1973,29370,29307.6,70.8,26931.7,91.698,2438.3,8.302
Sam Smith,Male,United Kingdom,English,Pop,Solo,2012,29197.2,24125.8,5078.3,17995.2,61.6333,11202,38.3667
One Direction,Mixed,United Kingdom,English,Pop,Group,2011,28889.5,28898.2,0,28801.9,99.6968,87.6,0.3032
Metro Boomin,Male,United States,English,Hip-Hop,Solo,2013,28848.7,13945.2,14911.9,119.7,0.4149,28729,99.5851
Olivia Rodrigo,Female,United States,English,Pop,Solo,2021,28799.7,28797.6,2.2,26750.5,92.8846,2049.2,7.1154
Adele,Female,United Kingdom,English,Pop,Solo,2008,28690.5,28699.5,0,28537.7,99.4674,152.8,0.5326
Pritam,Male,India,Hindi,Pop,Solo,2001,28543.9,25181.4,3362.5,11.7,0.041,28532.2,99.959
Katy Perry,Female,United States,English,Pop,Solo,2001,28248,25287.5,2977.8,19629.7,69.4906,8618.3,30.5094
Gunna,Male,United States,English,Hip-Hop,Solo,2013,28195.8,12491.3,15715.6,7949.8,28.195,20246,71.805
Arctic Monkeys,Male,United Kingdom,English,Rock,Group,2005,28155.4,28166.2,0,28130.4,99.9112,25,0.0888
Fuerza Regida,Male,United States,Spanish,Latin,Group,2018,27466.8,19814.7,7652.1,11576.2,42.1462,15890.6,57.8538
Junior H,Male,Mexico,Spanish,Regional Mexican,Solo,2019,27406.8,18341.2,9084.4,13658.7,49.8369,13748.1,50.1631
"Tyler, The Creator",Male,United States,English,Hip-Hop,Solo,2009,27125.8,23925.9,3208.7,11656.5,42.972,15469.3,57.028
Selena Gomez,Female,United States,English,Pop,Solo,2008,26895.1,16017.5,10884.4,10921.5,40.6078,15973.6,59.3922
Ty Dolla $ign,Male,United States,English,R&B,Solo,2011,26465.2,5073.8,21394.8,318.4,1.2031,26146.8,98.7969
The Beatles,Male,United Kingdom,English,Rock,Group,1962,26130.5,26138.7,2.2,26123,99.9713,7.5,0.0287
Pitbull,Male,United States,English,Pop,Solo,2004,25875.8,18250.9,7641,2321.7,8.9725,23554.1,91.0275
Nicky Jam,Male,United States,Spanish,Reggaeton,Solo,1995,25875.4,11175.4,14672,2972.5,11.4877,22902.9,88.5123
Playboi Carti,Male,United States,English,Hip-Hop,Solo,2011,25818.4,15382.2,10446.9,10109.8,39.1573,15708.6,60.8427
Halsey,Female,United States,English,Pop,Solo,2014,25687.5,13902.2,11792.3,12376.1,48.1795,13311.4,51.8205
Wiz Khalifa,Male,United States,English,Hip-Hop,Solo,2006,25289.9,11748.9,13549.3,4844.5,19.1559,20445.4,80.8441
Michael Jackson,Male,United States,English,Pop,Solo,1964,25264.4,24355.5,908.9,22915.3,90.7019,2349.1,9.2981
Sabrina Carpenter,Female,United States,English,Pop,Solo,2014,24888.6,22789.6,2114.3,22549.4,90.6013,2339.2,9.3987
Frank Ocean,Male,United States,English,R&B,Solo,2011,24807.4,20425.4,4391.5,18809.3,75.8213,5998.1,24.1787
Die drei ???,Male,Germany,German,Spoken Word,Group,1979,24607,24525.4,81.6,24410.8,99.2027,196.2,0.7973
JAŸ-Z,Male,United States,English,Hip-Hop,Solo,1996,24440.1,13311.3,11139.9,2764.3,11.3105,21675.8,88.6895
A$AP Rocky,Male,United States,English,Hip-Hop,Solo,2011,24217.2,14721.3,9504.3,6253.7,25.8234,17963.5,74.1766
Miley Cyrus,Female,United States,English,Pop,Solo,2006,23907.6,20739,3175.7,18453.9,77.1884,5453.7,22.8116
The Chainsmokers,Male,United States,English,EDM,Group,2012,23845.1,22661.5,1189.8,3830.9,16.0658,20014.2,83.9342
Marshmello,Male,United States,English,EDM,Solo,2015,23705.9,17589.4,6122.5,1704.1,7.1885,22001.8,92.8115
Cardi B,Female,United States,English,Hip-Hop,Solo,2015,22494.9,10833.6,11666.6,4407.8,19.5947,18087.1,80.4053
Twenty One Pilots,Male,United States,English,Alternative,Group,2009,22475.8,22215.2,269.1,22142.6,98.5175,333.2,1.4825
Disney,Mixed,United States,English,Soundtrack,Group,1949,22236.1,287.8,21966.6,0,0,22236.1,100
Arcángel,Male,United States,Spanish,Reggaeton,Solo,2004,21937.3,8927.4,13023.3,3007,13.7072,18930.3,86.2928
Red Hot Chili Peppers,Mixed,United States,English,Rock,Group,1984,21873.8,21884.2,0,21872.4,99.9936,1.4,0.0064
Camila Cabello,Female,Cuba,English,Pop,Solo,2012,21546.2,12365.6,9186,6409.3,29.7468,15136.9,70.2532
$uicideboy$,Male,United States,English,Hip-Hop,Group,2014,21202.3,20357.3,851.6,16646.9,78.5146,4555.4,21.4854
OneRepublic,Mixed,United States,English,Pop,Group,2007,21182.2,19519.4,1669.7,17506.6,82.6477,3675.6,17.3523
Avicii,Male,Sweden,English,EDM,Solo,2006,21003.5,20142.3,867.4,14179.7,67.5111,6823.8,32.4889
Diplo,Male,United States,English,EDM,Solo,2002,20670.8,5352.4,15318.4,32.5,0.1572,20638.3,99.8428
Snoop Dogg,Male,United States,English,Hip-Hop,Solo,1993,20644.8,7762,12890.7,1744.2,8.4486,18900.6,91.5514
Romeo Santos,Male,United States,Spanish,Bachata,Solo,2011,20549.2,14249.8,6311,8225.7,40.0293,12323.5,59.9707
50 Cent,Male,United States,English,Hip-Hop,Solo,2003,20444.6,14112.2,6342,8484.4,41.4995,11960.2,58.5005
Natanael Cano,Male,Mexico,Spanish,Regional Mexican,Solo,2018,20300.7,13993.4,6316.3,7574.2,37.31,12726.5,62.69
YoungBoy Never Broke Again,Male,United States,English,Hip-Hop,Solo,2015,20138.1,15305.8,4841.7,13558.6,67.3281,6579.5,32.6719
Mac Miller,Male,United States,English,Hip-Hop,Solo,2007,20091.1,18765.5,1328,12865.2,64.0343,7225.9,35.9657
DaBaby,Male,United States,English,Hip-Hop,Solo,2015,19977.5,9365.1,10617.1,5320.2,26.631,14657.3,73.369
Don Toliver,Male,United States,English,Hip-Hop,Solo,2017,19830.5,12351.9,7494,8302.6,41.8678,11527.9,58.1322
Zach Bryan,Male,United States,English,Country,Solo,2019,19727.2,19690.8,47.3,15838.7,80.2886,3888.5,19.7114
Kygo,Male,Norway,English,EDM,Solo,2013,19707.8,17829.8,1883.3,250.7,1.2721,19457.1,98.7279
Sech,Male,Panama,Spanish,Reggaeton,Solo,2014,19528.3,7512.9,12015.4,2397.8,12.2786,17130.5,87.7214
The Neighbourhood,Male,United States,English,Alternative,Group,2011,19440.5,19435.6,14.3,18793.5,96.6719,647,3.3281
Quavo,Male,United States,English,Hip-Hop,Solo,2008,19383.5,2977.3,16406.1,809.7,4.1773,18573.8,95.8227
Henrique & Juliano,Male,Brazil,Portuguese,Sertanejo,Group,2008,19231.7,15881.4,3360.5,15399.4,80.073,3832.3,19.927
Luke Combs,Male,United States,English,Country,Solo,2014,19101.6,17465.4,1647.2,16648,87.155,2453.6,12.845
Elton John,Male,United Kingdom,English,Rock,Solo,1969,19090.4,17435.4,1662.4,12211.1,63.9646,6879.3,36.0354
Manuel Turizo,Male,Colombia,Spanish,Latin,Solo,2016,18912.7,8490.9,10429.4,5716.7,30.2268,13196,69.7732
Trippie Redd,Male,United States,English,Hip-Hop,Solo,2016,18889.6,11762.8,7126.8,5822.1,30.8217,13067.5,69.1783
Tate McRae,Female,Canada,English,Pop,Solo,2017,18707.3,16893.7,1823.3,15280.9,81.6842,3426.4,18.3158
Lil Peep,Male,United States,English,Hip-Hop,Solo,2014,18649.5,17855.2,801,9452.7,50.6861,9196.8,49.3139
Metallica,Male,United States,English,Rock,Group,1983,18627,18557,77.9,18283.1,98.1538,343.9,1.8462
Don Omar,Male,United States,Spanish,Reggaeton,Solo,2003,18580.6,14990.8,3601.2,8321.9,44.7881,10258.7,55.2119
USHER,Male,United States,English,R&B,Solo,1994,18413.2,12525.4,5896.3,5222.1,28.3606,13191.1,71.6394
Charlie Puth,Male,United States,English,Pop,Solo,2015,18309.3,14642.3,3673.3,8613.7,47.0455,9695.6,52.9545
Justin Timberlake,Male,United States,English,Pop,Solo,2002,18270.8,13165.8,5114.9,8899.2,48.7072,9371.6,51.2928
Tiësto,Male,Netherlands,English,EDM,Solo,1994,18217.1,13653.1,4569.1,3490.5,19.1606,14726.6,80.8394
Sean Paul,Male,Jamaica,English,Reggae,Solo,1996,18203.3,9674.9,8539.4,4460.6,24.5043,13742.7,75.4957
Tyga,Male,United States,English,Hip-Hop,Solo,2008,18064.3,7403,10664.8,2757.4,15.2644,15306.9,84.7356
Kali Uchis,Female,Colombia,English,R&B,Solo,2012,18005.3,10367,7646.6,7259.1,40.3165,10746.2,59.6835
Kodak Black,Male,United States,English,Hip-Hop,Solo,2009,17738.8,11748.1,5997.1,7693.4,43.3705,10045.4,56.6295
Jason Derulo,Male,United States,English,Pop,Solo,2009,17720.2,13610.1,4116.2,8342.7,47.0802,9377.5,52.9198
BLACKPINK,Female,South Korea,Korean,K-Pop,Group,2016,17517.4,7595.2,9927.8,15415.4,88.0005,2102,11.9995
JHAYCO,Male,United States,Spanish,Reggaeton,Solo,2017,17516.1,16311.4,1210.7,2137.8,12.2048,15378.3,87.7952
Bebe Rexha,Female,United States,English,Pop,Solo,2014,17440.2,5933.3,11512.1,2784,15.9631,14656.2,84.0369
Daft Punk,Male,France,English,EDM,Group,1994,17316.6,10309.7,7013.9,6283,36.2831,11033.6,63.7169
Luis Miguel,Male,Mexico,Spanish,Latin,Solo,1982,17314.1,17301.5,20,17281,99.8088,33.1,0.1912
Demi Lovato,Female,United States,English,Pop,Solo,2008,17119.5,11625.6,5498.6,10006,58.448,7113.5,41.552
Akon,Male,Senegal,English,R&B,Solo,2004,17056,8007.4,9059.5,4403.1,25.8155,12652.9,74.1845
AC/DC,Male,Australia,English,Rock,Group,1975,17010.5,17018,0,17010.5,100,0,0
Sebastian Yatra,Male,Colombia,Spanish,Latin,Solo,2013,16984.3,10969.8,6018.9,4419.3,26.0199,12565,73.9801
Carín León,Male,Mexico,Spanish,Regional Mexican,Solo,2010,16969.4,10480.8,6497.7,7429.1,43.7794,9540.3,56.2206
Alan Walker,Male,Norway,English,EDM,Solo,2014,16893.4,13879.3,3019.1,5321.5,31.5005,11571.9,68.4995
A Boogie Wit da Hoodie,Male,United States,English,Hip-Hop,Solo,2016,16877.3,11425.9,5455.1,6395.3,37.8929,10482,62.1071
Fleetwood Mac,Mixed,United Kingdom,English,Rock,Group,1967,16577.5,16577.5,0.4,16567.4,99.9391,10.1,0.0609
Hozier,Male,Ireland,English,Rock,Solo,2013,16556.5,15920.4,641.8,15519.5,93.7366,1037,6.2634
Ellie Goulding,Female,United Kingdom,English,Pop,Solo,2009,16553.3,11362.1,5197.6,8685.9,52.4723,7867.4,47.5277
Radiohead,Male,United Kingdom,English,Rock,Group,1992,16454.9,16461.5,3,16382.5,99.56,72.4,0.44
Big Sean,Male,United States,English,Hip-Hop,Solo,2007,16428.9,12009.4,4364.5,2139,13.0197,14289.9,86.9803
Flo Rida,Male,United States,English,Hip-Hop,Solo,2007,16366.1,14784.2,1492.7,4359.8,26.6392,12006.3,73.3608
P!nk,Female,United States,English,Pop,Solo,2000,16271.6,7125.4,9125,11023,67.7438,5248.6,32.2562
Nirvana,Male,United States,English,Rock,Group,1989,16228.7,16236,0,16228.7,100,0,0
Pop Smoke,Male,United States,English,Hip-Hop,Solo,2018,16217.4,14631.5,1588.4,7841.6,48.353,8375.8,51.647
Britney Spears,Female,United States,English,Pop,Solo,1998,16148.3,14108.3,2048.1,13480.8,83.4812,2667.5,16.5188
James Arthur,Male,United Kingdom,English,Pop,Solo,2012,16111.6,14817.7,1297.6,12881.3,79.9505,3230.3,20.0495
Tory Lanez,Male,Canada,English,Hip-Hop,Solo,2009,16021.1,11602.1,4424.8,8229.4,51.366,7791.7,48.634
Pharrell Williams,Male,United States,English,Hip-Hop,Solo,2006,15952.2,4000.7,11957.2,2951.3,18.5009,13000.9,81.4991
DJ Snake,Male,France,English,EDM,Solo,2013,15921.1,12030.1,3896.3,527.5,3.3132,15393.6,96.6868
Daniel Caesar,Male,Canada,English,R&B,Solo,2014,15876.2,12905.1,2982.4,7353.2,46.3159,8523,53.6841
Black Eyed Peas,Mixed,United States,English,Hip-Hop,Group,1998,15775.7,15257.4,527.7,11623,73.6766,4152.7,26.3234
Swae Lee,Male,United States,English,Hip-Hop,Solo,2010,15746,502.4,15243.6,142.8,0.9069,15603.2,99.0931
Shreya Ghoshal,Female,India,Hindi,Filmi,Solo,2002,15723,2035.3,13703.9,690.5,4.3917,15032.5,95.6083
Duki,Male,Argentina,Spanish,Hip-Hop,Solo,2016,15684.7,7885.7,7799,3430.6,21.8723,12254.1,78.1277
Bizarrap,Male,Argentina,Spanish,Latin,Solo,2017,15638.8,13216.1,2427.2,84.5,0.5403,15554.3,99.4597
Migos,Male,United States,English,Hip-Hop,Group,2013,15562.1,13694,1874.1,4814.9,30.9399,10747.2,69.0601
The Kid LAROI,Male,Australia,English,Hip-Hop,Solo,2018,15561.7,10487.9,5077.6,6776.1,43.5434,8785.6,56.4566
Marília Mendonça,Female,Brazil,Portuguese,Sertanejo,Solo,2011,15528.2,7743.7,7783.6,7736.5,49.8223,7791.7,50.1777
Anitta,Female,Brazil,Portuguese,Pop,Solo,2012,15525.6,11131.7,4374.8,3212,20.6884,12313.6,79.3116
Green Day,Male,United States,English,Rock,Group,1990,15453.3,15342.6,118.3,15333.7,99.2261,119.6,0.7739
Lil Durk,Male,United States,English,Hip-Hop,Solo,2011,15329.4,6848.7,8480.7,2898.8,18.9101,12430.6,81.0899
Polo G,Male,United States,English,Hip-Hop,Solo,2017,15252.2,13192.5,2067.1,7139.4,46.809,8112.8,53.191
A.R. Rahman,Male,India,Tamil,Filmi,Solo,1992,15240.4,10857.5,4397.5,594.9,3.9034,14645.5,96.0966
G-Eazy,Male,United States,English,Hip-Hop,Solo,2006,15133,11606.5,3518.6,1928.5,12.7437,13204.5,87.2563
Kid Cudi,Male,United States,English,Hip-Hop,Solo,2008,15086.8,10607.6,4483.9,5835.1,38.6769,9251.7,61.3231
Justin Quiles,Male,United States,Spanish,Reggaeton,Solo,2010,15041.1,4978.9,10062.1,2069.9,13.7616,12971.2,86.2384
Bob Marley & The Wailers,Male,Jamaica,English,Reggae,Group,1962,14992.7,14837.1,161.6,13836,92.2849,1156.7,7.7151
Stray Kids,Male,South Korea,Korean,K-Pop,Group,2018,14947.4,14819,136.5,13482.3,90.1983,1465.1,9.8017
Anirudh Ravichander,Male,India,Tamil,Filmi,Solo,2012,14897.8,12456.5,2450,1543.3,10.3592,13354.5,89.6408
Ne-Yo,Male,United States,English,R&B,Solo,2006,14888.6,8808.5,6090.2,8012,53.813,6876.6,46.187
Gucci Mane,Male,United States,English,Hip-Hop,Solo,2005,14880.2,7106.1,7779.1,1618.8,10.8789,13261.4,89.1211
ROSALÍA,Female,Spain,Spanish,Pop,Solo,2016,14558.4,10084,4479.1,5316.8,36.5205,9241.6,63.4795
Charli xcx,Female,United Kingdom,English,Pop,Solo,2008,14544.4,10175.3,4376,6747.8,46.3945,7796.6,53.6055
Joji,Male,Japan,English,R&B,Solo,2017,14512.1,13579.3,938.4,12111.7,83.4593,2400.4,16.5407
Fall Out Boy,Male,United States,English,Rock,Group,2003,14507.7,10717.2,3796.5,12380.2,85.3354,2127.5,14.6646
PARTYNEXTDOOR,Male,Canada,English,R&B,Solo,2013,14506.3,13237.2,1275,7177.2,49.4764,7329.1,50.5236
Jorge & Mateus,Male,Brazil,Portuguese,Sertanejo,Group,2007,14404.4,11024,3391.4,10484.4,72.7861,3920,27.2139
Offset,Male,United States,English,Hip-Hop,Solo,2015,14402.6,13416.1,990,791.1,5.4928,13611.5,94.5072
Panic! At The Disco,Male,United States,English,Rock,Group,2005,14402.3,4417.2,9988.5,13038,90.5272,1364.3,9.4728
Tame Impala,Male,Australia,English,Rock,Solo,2008,14387.1,13232.8,1165.4,12678.8,88.1262,1708.3,11.8738
Quevedo,Male,Spain,Spanish,Reggaeton,Solo,2020,14345.2,7659.9,6698.1,4914.9,34.2616,9430.3,65.7384
Morat,Male,Colombia,Spanish,Latin,Group,2015,14293.7,11695.5,2609,8588.9,60.0887,5704.8,39.9113
Zara Larsson,Female,Sweden,English,Pop,Solo,2008,14221.3,9372.1,4858.7,7138.3,50.1944,7083,49.8056
Tito Double P,Male,Mexico,Spanish,Regional Mexican,Solo,2023,14166.6,7969.4,6215.6,3646.4,25.7394,10520.2,74.2606
Jul,Male,France,French,Hip-Hop,Solo,2013,14127.8,11142.3,2993.2,8903.2,63.019,5224.6,36.981
2Pac,Male,United States,English,Hip-Hop,Solo,1991,14116.7,13659.9,462.4,5423.2,38.4169,8693.5,61.5831
Gorillaz,Male,United Kingdom,English,Alternative,Group,2001,14104.4,14087.5,23.4,3963.9,28.104,10140.5,71.896
Lewis Capaldi,Male,Scotland,English,Pop,Solo,2017,14087.8,14091.2,0,13608.5,96.5978,479.3,3.4022
Grupo Frontera,Male,United States,Spanish,Regional Mexican,Group,2022,13999.3,8094.6,5914.6,2001.5,14.2971,11997.8,85.7029
Camilo,Male,Colombia,Spanish,Pop,Solo,2007,13994.1,8290.1,5703.9,3475.3,24.834,10518.8,75.166
Lenny Tavárez,Male,United States,Spanish,Reggaeton,Solo,2009,13994,944.9,13049.1,136,0.9718,13858,99.0282
2 Chainz,Male,United States,English,Hip-Hop,Solo,2007,13978.6,4090.4,9888.1,895.7,6.4077,13082.9,93.5923
NF,Male,United States,English,Hip-Hop,Solo,2010,13891.9,9309.2,4586.6,12293.1,88.4911,1598.8,11.5089
Bryson Tiller,Male,United States,English,R&B,Solo,2011,13890.6,13739.5,155.6,8915.5,64.1837,4975.1,35.8163
Rels B,Male,Spain,Spanish,Hip-Hop,Solo,2014,13734.1,11278.9,2462,8953.7,65.1932,4780.4,34.8068
Roddy Ricch,Male,United States,English,Hip-Hop,Solo,2017,13692,6665,7030,4971.3,36.3081,8720.7,63.6919
Guns N' Roses,Male,United States,English,Rock,Group,1985,13683,13689.3,0,13682.2,99.9942,0.8,0.0058
Mariah Carey,Female,United States,English,Pop,Solo,1990,13650.2,12396.8,1258.3,10348.7,75.8135,3301.5,24.1865
Noah Kahan,Male,United States,English,Folk,Solo,2017,13543.1,12815.1,728,10726.1,79.1997,2817,20.8003
Megan Thee Stallion,Female,United States,English,Hip-Hop,Solo,2016,13532,7853.3,5683.7,4660.7,34.4421,8871.3,65.5579
Christian Nodal,Male,Mexico,Spanish,Regional Mexican,Solo,2016,13503.4,9602.3,3932.5,8044.7,59.5754,5458.7,40.4246
Brent Faiyaz,Male,United States,English,R&B,Solo,2013,13490.4,9955.4,3540.8,8582.9,63.6223,4907.5,36.3777
Martin Garrix,Male,Netherlands,English,EDM,Solo,2012,13468.7,12222.3,1249.7,1202.8,8.9303,12265.9,91.0697
Banda MS de Sergio Lizárraga,Male,Mexico,Spanish,Regional Mexican,Group,2003,13433.6,12366.7,1072.9,11154.7,83.0358,2278.9,16.9642
Pink Floyd,Male,United Kingdom,English,Rock,Group,1967,13404.2,11623.7,1790.5,13400.7,99.9739,3.5,0.0261
mgk,Male,United States,English,Hip-Hop,Solo,2006,13398.3,13409.8,0,4665.5,34.8216,8732.8,65.1784
Wisin & Yandel,Male,United States,Spanish,Reggaeton,Group,1998,13323.2,8971.1,4360.5,5734.4,43.0407,7588.8,56.9593
Dr. Dre,Male,United States,English,Hip-Hop,Solo,1984,13320.3,8568.7,4756.2,464.4,3.4864,12855.9,96.5136
Mora,Male,United States,Spanish,Reggaeton,Solo,2017,13291,10113.7,3183.3,4068.1,30.6079,9222.9,69.3921
Cigarettes After Sex,Mixed,United States,English,Alternative,Group,2008,13287,13294.9,0,13287,100,0,0
Childish Gambino,Male,United States,English,Hip-Hop,Solo,2008,13281.8,12309.2,978.1,11171.3,84.1098,2110.5,15.8902
Wisin,Male,United States,Spanish,Reggaeton,Solo,2000,13273.4,4702.2,8580.5,575.4,4.335,12698,95.665
Major Lazer,Mixed,United States,English,EDM,Group,2009,13220.4,11619.7,1604,45.4,0.3434,13175,99.6566
John Mayer,Male,United States,English,Pop,Solo,1999,13208.3,12134.4,1076.8,11821.4,89.4998,1386.9,10.5002
Miguel,Male,United States,English,R&B,Solo,2010,13065.7,7612.4,5460.1,5541.7,42.4141,7524,57.5859
Lil Nas X,Male,United States,English,Hip-Hop,Solo,2018,13039.8,12982.3,59.7,7413.1,56.8498,5626.7,43.1502
System Of A Down,Male,United States,English,Metal,Group,1998,13009.4,13017.1,0,12963.5,99.6472,45.9,0.3528
Logic,Male,United States,English,Hip-Hop,Solo,2009,12994.4,12999.7,0,5593.4,43.0447,7401,56.9553
ABBA,Mixed,Sweden,English,Pop,Group,1972,12992.2,10479.5,2516.3,12992.2,100,0,0
Becky G,Female,United States,Spanish,Latin,Solo,2013,12985.2,8772.2,4216.8,2160.8,16.6405,10824.4,83.3595
Yandel,Male,United States,Spanish,Reggaeton,Solo,2003,12929.7,5938.5,6997.8,1490.1,11.5246,11439.6,88.4754
Enrique Iglesias,Male,Spain,Spanish,Latin,Solo,1995,12857.9,11010.3,1853,3301,25.6729,9556.9,74.3271
Lil Yachty,Male,United States,English,Hip-Hop,Solo,2015,12823.8,5535,7288.8,2109.2,16.4475,10714.6,83.5525
Luis R Conriquez,Male,Mexico,Spanish,Regional Mexican,Solo,2018,12810.9,6582.9,6236.2,1707.5,13.3285,11103.4,86.6715
Zion & Lennox,Male,United States,Spanish,Reggaeton,Group,2000,12799.8,5018.4,7786.4,1713.9,13.3901,11085.9,86.6099
5 Seconds of Summer,Male,Australia,English,Rock,Group,2011,12788.3,12025.6,766.3,11526.4,90.1324,1261.9,9.8676
Jack Harlow,Male,United States,English,Hip-Hop,Solo,2015,12751,8481.6,4272.5,5659.8,44.3871,7091.2,55.6129
TWICE,Female,South Korea,Korean,K-Pop,Group,2015,12716.2,2648.7,10073.4,12242.6,96.2756,473.6,3.7244
Ñengo Flow,Male,United States,Spanish,Reggaeton,Solo,2004,12713.2,12596.1,124.8,1284.7,10.1052,11428.5,89.8948
Ava Max,Female,United States,English,Pop,Solo,2008,12700.7,8281.2,4423.1,7763.9,61.1297,4936.8,38.8703
ZAYN,Male,United Kingdom,English,Pop,Solo,2010,12650.8,11398.2,1255.5,5777.3,45.6675,6873.5,54.3325
Michael Bublé,Male,Canada,English,Pop,Solo,2001,12647.5,11934,715.4,10362.7,81.9348,2284.8,18.0652
Macklemore,Male,United States,English,Hip-Hop,Solo,2000,12593.2,6266,6330.7,351.5,2.7912,12241.7,97.2088
Anne-Marie,Female,United Kingdom,English,Pop,Solo,2013,12593,12542.7,29.5,3706.6,29.4338,8886.4,70.5662
The Rolling Stones,Male,United Kingdom,English,Rock,Group,1964,12566.2,4905.7,7658.9,12335.7,98.1657,230.5,1.8343
Frank Sinatra,Male,United States,English,Pop,Solo,1939,12421.7,11999.7,421.9,9162.6,73.7629,3259.1,26.2371
Robin Schulz,Male,Germany,German,EDM,Solo,2014,12403.3,7261.2,5145.8,376.4,3.0347,12026.9,96.9653
Bryant Myers,Male,United States,Spanish,Reggaeton,Solo,2015,12394.6,4419.4,7981.5,1528.1,12.3288,10866.5,87.6712
Gusttavo Lima,Male,Brazil,Portuguese,Sertanejo,Solo,2009,12324.9,10393.6,1924.7,8841.9,71.7401,3483,28.2599
Eladio Carrion,Male,United States,Spanish,Hip-Hop,Solo,2017,12209.5,8937.9,3281.7,3226.5,26.4261,8983,73.5739
Grupo Firme,Male,Mexico,Spanish,Regional Mexican,Group,2014,12151.3,8589.8,3569.6,2705.2,22.2626,9446.1,77.7374
Amitabh Bhattacharya,Male,India,Hindi,Filmi,Solo,2008,12136.7,8.4,12135.9,0,0,12136.7,100
Alicia Keys,Female,United States,English,R&B,Solo,2001,12099.6,8350.5,3754.7,7341.3,60.6739,4758.3,39.3261
Kesha,Female,United States,English,Pop,Solo,2009,12094.7,7821.4,4279.1,7189.4,59.4426,4905.3,40.5574
LAUV,Male,United States,English,Pop,Solo,2015,11966.9,10802.2,1167.1,7423,62.0294,4543.9,37.9706
Madonna,Female,United States,English,Pop,Solo,1982,11879.6,10122.7,1768.2,8527.5,71.7827,3352.1,28.2173
Reik,Male,Mexico,Spanish,Latin,Group,2005,11853.7,9900.6,1953.1,5248.7,44.279,6605,55.721
John Legend,Male,United States,English,R&B,Solo,2004,11821.6,7454.6,4369.1,5783.2,48.9206,6038.4,51.0794
Meghan Trainor,Female,United States,English,Pop,Solo,2009,11817.1,9731.6,2088,7684.3,65.027,4132.8,34.973
Lil Tecca,Male,United States,English,Hip-Hop,Solo,2017,11783.3,10687.5,1099.4,8809.8,74.7651,2973.5,25.2349
Lorde,Female,New Zealand,English,Pop,Solo,2012,11721,11036,689,10605.6,90.4837,1115.4,9.5163
MC Ryan SP,Male,Brazil,Portuguese,Hip-Hop,Solo,2019,11715.1,1404.1,10305.2,7.7,0.0657,11707.4,99.9343
Chris Stapleton,Male,United States,English,Country,Solo,2015,11678.7,9802.2,1883.1,9721.8,83.2439,1956.9,16.7561
French Montana,Male,Morocco,English,Hip-Hop,Solo,2002,11640.6,6067.8,5576.2,325.2,2.7937,11315.4,97.2063
Melanie Martinez,Female,United States,English,Pop,Solo,2014,11632.9,11637.4,0,11489.7,98.769,143.2,1.231
Elvis Presley,Male,United States,English,Rock,Solo,1954,11588.8,11545,47.3,10653.5,91.9293,935.3,8.0707
Rick Ross,Male,United States,English,Hip-Hop,Solo,2006,11575.2,3209.4,8365.8,747.3,6.456,10827.9,93.544
Cris MJ,Male,Chile,Spanish,Reggaeton,Solo,2019,11566.2,7224.2,4349.4,4663,40.3157,6903.2,59.6843
Zedd,Male,Russia,English,EDM,Solo,2010,11481.4,11486.5,0,235.7,2.0529,11245.7,97.9471
Paramore,Mixed,United States,English,Rock,Group,2005,11480.4,8241.1,3243.6,11420.3,99.4765,60.1,0.5235
Chance the Rapper,Male,United States,English,Hip-Hop,Solo,2012,11475.1,3956.3,7518.7,545.7,4.7555,10929.4,95.2445
Ninho,Male,France,French,Hip-Hop,Solo,2017,11459.5,7069.7,4399.6,5201.4,45.3894,6258.1,54.6106
blackbear,Male,United States,English,R&B,Solo,2006,11428.5,7562.2,3868,6108.9,53.4532,5319.6,46.5468
Creedence Clearwater Revival,Male,United States,English,Rock,Group,1968,11314.2,11274.4,44.7,11264.9,99.5643,49.3,0.4357
T-Pain,Male,United States,English,R&B,Solo,2005,11238.2,4609.5,6628.7,839.9,7.4736,10398.3,92.5264
Jung Kook,Male,South Korea,Korean,K-Pop,Solo,2013,11232.6,9653.8,1583.7,4076.4,36.2908,7156.2,63.7092
Skrillex,Male,United States,English,EDM,Solo,2010,11198.8,5328.3,5873.2,961.9,8.5893,10236.9,91.4107
DJ Khaled,Male,United States,English,Hip-Hop,Solo,2006,11196,10287.7,910.9,656.6,5.8646,10539.4,94.1354
Wizkid,Male,Nigeria,English,Afrobeats,Solo,2011,11149,3260,7882.2,1292,11.5885,9857,88.4115
Oasis,Male,United Kingdom,English,Rock,Group,1994,11063.6,11073.6,0,11061.4,99.9801,2.2,0.0199
Christina Aguilera,Female,United States,English,Pop,Solo,1999,11060.5,6055.9,5004.6,4661.1,42.1419,6399.4,57.8581
Slipknot,Male,United States,English,Metal,Group,1999,11051.4,11056.2,0,11051.4,100,0,0
Irshad Kamil,Male,India,Hindi,Filmi,Solo,2004,11014.9,5793.9,5236.3,0,0,11014.9,100
Little Mix,Female,United Kingdom,English,Pop,Group,2011,10985.7,0,11024.9,6916.9,62.9628,4068.8,37.0372
Beéle,Male,Colombia,Spanish,Reggaeton,Solo,2019,10974,9511.5,1474.2,3645.8,33.2222,7328.2,66.7778
The Notorious B.I.G.,Male,United States,English,Hip-Hop,Solo,1993,10968.8,5006.4,5977.1,7034.7,64.1337,3934.1,35.8663
Mitski,Female,Japan,English,Alternative,Solo,2012,10939.4,9358.8,1614.9,10795.1,98.6809,144.3,1.3191
Tainy,Male,United States,Spanish,Reggaeton,Solo,2006,10933.4,10905.7,38,8.1,0.0741,10925.3,99.9259
Zé Neto & Cristiano,Male,Brazil,Portuguese,Sertanejo,Group,2011,10914.2,9203.4,1721.9,8573.2,78.5509,2341,21.4491
Rammstein,Male,Germany,German,Metal,Group,1995,10902.6,10910.3,0,10773.4,98.815,129.2,1.185
Labrinth,Male,United Kingdom,English,Pop,Solo,2010,10783.2,7412.3,3373.2,5819.8,53.971,4963.4,46.029
Chencho Corleone,Male,United States,Spanish,Reggaeton,Solo,1999,10776.2,10712.5,63.9,291.9,2.7087,10484.3,97.2913
Darell,Male,United States,Spanish,Reggaeton,Solo,2010,10772,595.6,10180.6,689.2,6.3981,10082.8,93.6019
Bon Jovi,Male,United States,English,Rock,Group,1984,10771.3,10772.2,0.6,10575.9,98.1859,195.4,1.8141
The Killers,Male,United States,English,Rock,Group,2004,10767.6,1893.8,8878.2,10569.4,98.1593,198.2,1.8407
blink-182,Male,United States,English,Rock,Group,1995,10760.4,10630.4,133.8,10584.7,98.3672,175.7,1.6328
Summer Walker,Female,United States,English,R&B,Solo,2018,10756.4,7776.1,2980.3,3834.9,35.6523,6921.5,64.3477
Jhené Aiko,Female,United States,English,R&B,Solo,2002,10731.7,6224.9,4506.8,3239.2,30.1835,7492.5,69.8165
Kehlani,Female,United States,English,R&B,Solo,2014,10712.8,6060.2,4663.4,4257.4,39.7412,6455.4,60.2588
Clean Bandit,Mixed,United Kingdom,English,Pop,Group,2012,10711.2,10381.4,333.5,73.4,0.6853,10637.8,99.3147
David Bowie,Male,United Kingdom,English,Rock,Solo,1967,10696.6,8379.6,2317,8204.5,76.7019,2492.1,23.2981
U2,Male,Ireland,English,Rock,Group,1979,10616.1,10020.5,599.3,9771.3,92.0423,844.8,7.9577
Aventura,Male,United States,Spanish,Bachata,Group,1996,10607,10520.3,92.7,8371.3,78.9224,2235.7,21.0776
Foo Fighters,Male,United States,English,Rock,Group,1994,10571.1,10570.2,4.5,10555.6,99.8534,15.5,0.1466
The 1975,Male,United Kingdom,English,Rock,Group,2012,10489.6,10191.7,301.5,10165.9,96.9141,323.7,3.0859
Maria Becerra,Female,Argentina,Spanish,Latin,Solo,2019,10476.9,3977.8,6499.1,2597.3,24.7907,7879.6,75.2093
Plan B,Male,United Kingdom,English,Hip-Hop,Solo,2006,10449,7062.7,3394.7,6337.8,60.6546,4111.2,39.3454
Steve Lacy,Male,United States,English,R&B,Solo,2015,10368.7,9179.2,1201.2,8970.6,86.5161,1398.1,13.4839
De La Ghetto,Male,United States,Spanish,Reggaeton,Solo,2004,10352.8,1937.7,8415.1,410.2,3.9622,9942.6,96.0378
Troye Sivan,Male,South Africa,English,Pop,Solo,2006,10332.8,7323,3009.8,6153.5,59.5531,4179.3,40.4469
Conan Gray,Male,United States,English,Pop,Solo,2017,10313.5,10145.1,172,10141.5,98.3323,172,1.6677
Ludacris,Male,United States,English,Hip-Hop,Solo,1999,10293,6016.2,4284.3,745.9,7.2467,9547.1,92.7533
Burna Boy,Male,Nigeria,English,Afrobeats,Solo,2012,10290.6,2289.2,8003.8,4395.8,42.7167,5894.8,57.2833
Danny Ocean,Male,Venezuela,Spanish,Latin,Solo,2009,10234.3,8102.5,2138.3,6955,67.9577,3279.3,32.0423
Meek Mill,Male,United States,English,Hip-Hop,Solo,2003,10231.2,7551.1,2685,2118.4,20.7053,8112.8,79.2947
My Chemical Romance,Male,United States,English,Rock,Group,2002,10180.2,10185.8,0,10132.8,99.5344,47.4,0.4656
Alessia Cara,Female,Canada,English,Pop,Solo,2015,10179.3,6431.1,3750.4,5420.2,53.2473,4759.1,46.7527
Vishal-Shekhar,Male,India,Hindi,Filmi,Group,1999,10165,8858.9,1312.6,6.7,0.0659,10158.3,99.9341
Paulo Londra,Male,Argentina,Spanish,Hip-Hop,Solo,2017,10160.5,8082,2081.7,6415.1,63.1376,3745.4,36.8624
La Arrolladora Banda El Limón De Rene Camacho,Male,Mexico,Spanish,Regional Mexican,Group,1997,10147.9,10065.9,89.1,9956.8,98.1169,191.1,1.8831
Yeat,Male,United States,English,Hip-Hop,Solo,2015,10141.7,9084.2,1067.9,7696.5,75.8896,2445.2,24.1104
Matheus & Kauan,Male,Brazil,Portuguese,Sertanejo,Group,2010,10122.5,8138.6,1988.4,5614.2,55.4626,4508.3,44.5374
Alok,Male,Brazil,Portuguese,EDM,Solo,2004,10115.7,9351.5,766.2,269.8,2.6671,9845.9,97.3329
Bring Me The Horizon,Male,United Kingdom,English,Rock,Group,2006,10108,8333.7,1782,8006.1,79.2056,2101.9,20.7944
Central Cee,Male,United Kingdom,English,Hip-Hop,Solo,2014,10095.5,6587,3508.5,5050.9,50.0312,5044.6,49.9688
League of Legends,Mixed,United States,English,Soundtrack,Group,2009,10048.3,3456.4,6591.9,257,2.5576,9791.3,97.4424
Mac DeMarco,Male,Canada,English,Rock,Solo,2012,9970.2,9813.7,161.5,9795.8,98.2508,174.4,1.7492
Benson Boone,Male,United States,English,Pop,Solo,2021,9949.6,9956.4,0,9911.9,99.6211,37.7,0.3789
Dalex,Male,United States,Spanish,Reggaeton,Solo,2014,9948.7,4105.3,5843.4,471.7,4.7413,9477,95.2587
Nickelback,Male,Canada,English,Rock,Group,1996,9933.4,9932.9,6.1,9864.7,99.3084,68.7,0.6916
Marc Anthony,Male,United States,Spanish,Latin,Solo,1988,9914.5,6239,3689.5,5931.4,59.8255,3983.1,40.1745
Maná,Mixed,Mexico,Spanish,Rock,Group,1987,9914.4,9921.1,6.1,7817.7,78.852,2096.7,21.148
Led Zeppelin,Male,United Kingdom,English,Rock,Group,1969,9909.5,9912.8,0,9909.5,100,0,0
Måneskin,Mixed,Italy,Italian,Rock,Group,2017,9899.4,9883,20.1,9351.9,94.4694,547.5,5.5306
Florida Georgia Line,Male,United States,English,Country,Group,2010,9869.3,6437,3432.3,4558.7,46.1907,5310.6,53.8093
Luis Fonsi,Male,United States,Spanish,Latin,Solo,1998,9862.6,4889.8,4976.4,1538.9,15.6034,8323.7,84.3966
RAYE,Female,United Kingdom,English,Pop,Solo,2014,9859.6,4832.5,5032.9,2441.1,24.7586,7418.5,75.2414
Neton Vega,Male,Mexico,Spanish,Latin,Solo,2023,9854,8668.1,1197.3,2611.1,26.4979,7242.9,73.5021
Gracie Abrams,Female,United States,English,Pop,Solo,2019,9797.8,9279.7,543.3,8953.2,91.3797,844.6,8.6203
Timbaland,Male,United States,English,Hip-Hop,Solo,1997,9734,4314.3,5425.4,31,0.3185,9703,99.6815
Jeremih,Male,United States,English,R&B,Solo,2009,9713,5586.8,4126.1,2334.8,24.0379,7378.2,75.9621
The Lumineers,Male,United States,English,Folk,Group,2012,9666.1,9207.9,460.8,9168.3,94.85,497.8,5.15
Oscar Maydon,Male,Mexico,Spanish,Latin,Solo,2020,9609,5573.7,4061,436.8,4.5457,9172.2,95.4543
Anderson .Paak,Male,United States,English,R&B,Solo,2014,9513.7,9454.3,63.4,1289.2,13.551,8224.5,86.449
Chase Atlantic,Male,Australia,English,R&B,Group,2014,9513,9329.3,185.8,8793,92.4314,720,7.5686
Julión Álvarez y su Norteño Banda,Male,Mexico,Spanish,Regional Mexican,Group,2007,9503.3,2467.8,7045.9,9278.4,97.6335,224.9,2.3665
Prince Royce,Male,United States,Spanish,Bachata,Solo,2010,9495.2,6483.6,3011.7,4320.4,45.5009,5174.8,54.4991
Bastille,Male,United Kingdom,English,Alternative,Group,2010,9439.9,4498.2,4948.6,5621.4,59.5494,3818.5,40.4506
Sfera Ebbasta,Male,Italy,Italian,Hip-Hop,Solo,2011,9437.3,6110.3,3331.7,2399.2,25.4225,7038.1,74.5775
Florence + The Machine,Female,United Kingdom,English,Rock,Group,2009,9401,8691.5,712.9,8081.2,85.9611,1319.8,14.0389
YG,Male,United States,English,Hip-Hop,Solo,2008,9362.3,4260.1,5102.2,1075.6,11.4886,8286.7,88.5114
Alejandro Sanz,Male,Spain,Spanish,Latin,Solo,1989,9340.1,6691.7,2658.2,5230.2,55.9973,4109.9,44.0027
Lil Tjay,Male,United States,English,Hip-Hop,Solo,2017,9314.8,5409.5,3905.3,1907.2,20.4749,7407.6,79.5251
GIVĒON,Male,United States,English,R&B,Solo,2018,9302.9,5809.3,3497.2,5699,61.2605,3603.9,38.7395
Billy Joel,Male,United States,English,Rock,Solo,1971,9290.9,9255.2,40.4,9207.2,99.0991,83.7,0.9009
Luke Bryan,Male,United States,English,Country,Solo,2007,9213.5,9212.7,8.3,7646.2,82.9891,1567.3,17.0109
Muse,Male,United Kingdom,English,Rock,Group,1999,9212.4,7752.7,1460.8,9165,99.4855,47.4,0.5145
Jonas Blue,Male,United Kingdom,English,EDM,Solo,2015,9206.7,7645.1,1564.1,36.4,0.3954,9170.3,99.6046
Teddy Swims,Male,United States,English,Pop,Solo,2019,9177.5,7949,1236.7,7238.3,78.8701,1939.2,21.1299
Juanes,Male,Colombia,Spanish,Latin,Solo,1988,9121.6,4954.8,4166.8,4039.5,44.285,5082.1,55.715
Jennifer Lopez,Female,United States,English,Pop,Solo,1999,9115.7,7543,1578.6,2706.2,29.6872,6409.5,70.3128
Cartel De Santa,Male,Mexico,Spanish,Hip-Hop,Group,2002,9107.5,8630.9,487.3,5817.4,63.8748,3290.1,36.1252
T.I.,Male,United States,English,Hip-Hop,Solo,2001,9084.9,4560.6,4524.3,1805.2,19.8703,7279.7,80.1297
Gabito Ballesteros,Male,Mexico,Spanish,Regional Mexican,Solo,2015,9076.4,3472,5604.3,752.1,8.2863,8324.3,91.7137
El Alfa,Male,Dominican Republic,Spanish,Latin,Solo,2008,9056.5,5112.2,3944.3,561.5,6.2,8495,93.8
Alka Yagnik,Female,India,Hindi,Filmi,Solo,1980,8988.2,2897.2,6102.8,551.1,6.1314,8437.1,93.8686
Blessd,Male,Colombia,Spanish,Reggaeton,Solo,2018,8965,6387.9,2587.4,1238.1,13.8104,7726.9,86.1896
NATTI NATASHA,Female,Dominican Republic,Spanish,Reggaeton,Solo,2010,8960.1,3564,5398.2,687.9,7.6774,8272.2,92.3226
Bruce Springsteen,Male,United States,English,Rock,Solo,1973,8927.6,8741.2,189.7,8713.3,97.5996,214.3,2.4004
Alfredo Olivas,Male,Mexico,Spanish,Regional Mexican,Solo,2011,8916,8080,844.9,7975.8,89.4549,940.2,10.5451
Jonas Brothers,Male,United States,English,Pop,Group,2006,8909.9,6844.4,2067.7,6517.9,73.1535,2392,26.8465
Hans Zimmer,Male,Germany,German,Soundtrack,Solo,1977,8906.9,8155.5,751.4,5041.5,56.6022,3865.4,43.3978
Julia Michaels,Female,United States,English,Pop,Solo,2010,8899.6,4219.1,4681.7,2876.3,32.3194,6023.3,67.6806
Deftones,Male,United States,English,Metal,Group,1995,8848.3,8855.1,0,8823.4,99.7186,24.9,0.2814
Clairo,Female,United States,English,Pop,Solo,2012,8831,6995.1,1840.3,6603.2,74.773,2227.8,25.227
Whitney Houston,Female,United States,English,R&B,Solo,1985,8828.8,7564.4,1267.8,6762.6,76.597,2066.2,23.403
Tove Lo,Female,Sweden,English,Pop,Solo,2006,8809.4,5689.4,3122.8,4223.1,47.9386,4586.3,52.0614
DJ Luian,Male,United States,Spanish,Reggaeton,Solo,2010,8801.6,1220.6,7581,0,0,8801.6,100
Amy Winehouse,Female,United Kingdom,English,Soul,Solo,2003,8780.4,8238.2,547.7,7557.9,86.0769,1222.5,13.9231
TV Girl,Male,United States,English,Pop,Group,2010,8779.9,7850.9,932.8,8155.1,92.8837,624.8,7.1163
Tanishk Bagchi,Male,India,Hindi,Filmi,Solo,2015,8733,2987.7,5745.3,6.8,0.0779,8726.2,99.9221
Dave,Male,United Kingdom,English,Hip-Hop,Solo,2015,8715.2,7648.8,1071.6,2526.7,28.9919,6188.5,71.0081
Avril Lavigne,Female,Canada,English,Pop,Solo,2002,8706.4,8477.3,233,8083.8,92.8489,622.6,7.1511
Lost Frequencies,Male,Belgium,English,EDM,Solo,2014,8699.2,8316.2,386.2,1923.6,22.1124,6775.6,77.8876
Kings of Leon,Male,United States,English,Rock,Group,2003,8647.8,8598.1,54,8555.2,98.9292,92.6,1.0708
Joan Sebastian,Male,Mexico,Spanish,Regional Mexican,Solo,1975,8622.1,8534,98.1,7271,84.3298,1351.1,15.6702
Alejandro Fernández,Male,Mexico,Spanish,Latin,Solo,1992,8617.1,7717.5,899.6,6368.3,73.9031,2248.8,26.0969
Glass Animals,Male,United Kingdom,English,Alternative,Group,2012,8591.1,8578.7,15.4,7995.8,93.0707,595.3,6.9293
Sachin-Jigar,Male,India,Hindi,Filmi,Group,2009,8584.2,6741.1,1843.2,20,0.233,8564.2,99.767
Fetty Wap,Male,United States,English,Hip-Hop,Solo,2014,8564.5,5566.1,3001.4,3239,37.8189,5325.5,62.1811
NAV,Male,Canada,English,Hip-Hop,Solo,2017,8564.4,5619.6,2944.9,1852.6,21.6314,6711.8,78.3686
Jack Johnson,Male,United States,English,Rock,Solo,2001,8551.4,8199.3,355,7907.6,92.4714,643.8,7.5286
SEVENTEEN,Mixed,South Korea,Korean,K-Pop,Group,2015,8531.3,8465.7,70,8284.9,97.1118,246.4,2.8882
The Script,Male,Ireland,English,Rock,Group,2008,8509.5,8483.9,29.2,6435.4,75.6261,2074.1,24.3739
TINI,Female,Argentina,Spanish,Pop,Solo,2016,8507.9,5811.9,2696,1929.8,22.6824,6578.1,77.3176
Backstreet Boys,Mixed,United States,English,Pop,Group,1996,8485.9,8144,346,8125.7,95.7553,360.2,4.2447
Jimin,Male,South Korea,Korean,K-Pop,Solo,2013,8472.9,7819.3,656.6,6967.6,82.2339,1505.3,17.7661
Mambo Kingz,Male,United States,Spanish,Reggaeton,Group,2004,8457.4,369.6,8087.7,1.3,0.0154,8456.1,99.9846
NLE Choppa,Male,United States,English,Hip-Hop,Solo,2018,8453.7,6568.5,1885.2,4039.2,47.7803,4414.5,52.2197
GIMS,Male,DR Congo,French,Hip-Hop,Solo,2013,8439.5,6942.6,1509.4,3538.8,41.9314,4900.7,58.0686
Calibre 50,Male,Mexico,Spanish,Regional Mexican,Group,2010,8433.8,7838.5,603.3,7244.3,85.896,1189.5,14.104
Chappell Roan,Female,United States,English,Pop,Solo,2017,8382.9,8387.8,0,8380.3,99.969,2.6,0.031
Stevie Wonder,Male,United States,English,Soul,Solo,1962,8371.5,7723.5,648,7485.7,89.4189,885.8,10.5811
Juicy J,Male,United States,English,Hip-Hop,Solo,1991,8370.9,1884.2,6486.7,175.8,2.1001,8195.1,97.8999
Mark Ronson,Male,United Kingdom,English,Pop,Solo,2003,8366.3,6159.1,2210.1,10.3,0.1231,8356,99.8769
Kelly Clarkson,Female,United States,English,Pop,Solo,2002,8339.3,7864.3,477.4,7297.4,87.5061,1041.9,12.4939
The Offspring,Male,United States,English,Rock,Group,1989,8330.4,8328.6,5.6,8188.5,98.2966,141.9,1.7034
Bonez MC,Male,Germany,German,Hip-Hop,Solo,2006,8326.7,4696.4,3630.4,1125.8,13.5204,7200.9,86.4796
Bibi Blocksberg,Female,Germany,German,Children's Music,Solo,1980,8316.5,8317.8,0,8289,99.6693,27.5,0.3307
Milo j,Male,Argentina,Spanish,Hip-Hop,Solo,2021,8309.1,5592,2724.4,3545.8,42.6737,4763.3,57.3263
Jay Wheeler,Male,United States,Spanish,Reggaeton,Solo,2019,8282.3,6707,1607.4,999.5,12.0679,7282.8,87.9321
felix jaehn,Male,Germany,English,EDM,Solo,2013,8278.7,4898.7,3389.6,53.5,0.6462,8225.2,99.3538
Niall Horan,Male,Ireland,English,Pop,Solo,2010,8263,3585.1,4693.6,6241,75.5295,2022,24.4705
6ix9ine,Male,United States,English,Hip-Hop,Solo,2017,8240.2,6845.4,1394.8,2320.7,28.1632,5919.5,71.8368
Nate Dogg,Male,United States,English,Hip-Hop,Solo,1992,8235.9,1236.7,6999.2,228.2,2.7708,8007.7,97.2292
Noriel,Male,United States,Spanish,Reggaeton,Solo,2014,8216.5,760.9,7455.6,196.8,2.3952,8019.7,97.6048
Vicente Fernández,Male,Mexico,Spanish,Regional Mexican,Solo,1966,8205.4,8009,204.5,7878.1,96.0112,327.3,3.9888
Three Days Grace,Male,Canada,English,Rock,Group,2003,8203,7983.1,224.9,7947.8,96.8889,255.2,3.1111
Aerosmith,Mixed,United States,English,Rock,Group,1973,8200.1,7224.1,979.3,7171.3,87.4538,1028.8,12.5462
Bee Gees,Male,United Kingdom,English,Pop,Group,1963,8197.2,8080.4,120.7,7892.6,96.2841,304.6,3.7159
Udit Narayan,Male,Nepal,Hindi,Filmi,Solo,1980,8186.9,3408.5,4789.5,515.9,6.3015,7671,93.6985
Piso 21,Male,Colombia,Spanish,Latin,Group,2012,8164.9,7391.5,775.8,1621.1,19.8545,6543.8,80.1455
Rod Wave,Male,United States,English,Hip-Hop,Solo,2015,8148,7808,340,6616.8,81.2077,1531.2,18.7923
Vance Joy,Male,Australia,English,Folk,Solo,2013,8092.2,7918.7,176.9,7804.3,96.4423,287.9,3.5577
Bon Iver,Male,United States,English,Folk,Solo,2007,8065.4,7161.8,905.7,4817,59.7243,3248.4,40.2757
Eslabon Armado,Male,United States,Spanish,Regional Mexican,Group,2020,8063.4,5540.4,2525,3610.3,44.7739,4453.1,55.2261
JENNIE,Female,South Korea,Korean,K-Pop,Solo,2016,8056.8,4415.6,3648.3,3447,42.7837,4609.8,57.2163
Russ,Male,United States,English,Hip-Hop,Solo,2011,8043.6,7678.7,364.9,6527.6,81.1527,1516,18.8473
Rae Sremmurd,Male,United States,English,Hip-Hop,Group,2013,8030.3,7270.4,754.2,4098.4,51.0367,3931.9,48.9633
Jess Glynne,Female,United Kingdom,English,Pop,Solo,2014,8019.9,3097.3,4922.6,2755.3,34.3558,5264.6,65.6442
The Smiths,Male,United Kingdom,English,Rock,Group,1983,8014.7,8019.1,0,8014.7,100,0,0
Eagles,Male,United States,English,Rock,Group,1972,7987.3,7990.9,0,7987.3,100,0,0
The Police,Male,United Kingdom,English,Rock,Group,1977,7976.6,7980.4,0.6,7960.2,99.7944,16.4,0.2056
Phil Collins,Male,United Kingdom,English,Pop,Solo,1981,7940.4,7942.6,0,7116.9,89.629,823.5,10.371
The Strokes,Male,United States,English,Rock,Group,2001,7934.8,4641.5,3299.4,7901.6,99.5816,33.2,0.4184
Atif Aslam,Male,Pakistan,Urdu,Pop,Solo,2002,7934.5,2022.8,5906,723,9.1121,7211.5,90.8879
Ovy On The Drums,Male,Colombia,Spanish,Reggaeton,Solo,2016,7921.6,7400.3,508.4,7.5,0.0947,7914.1,99.9053
Olivia Dean,Female,United Kingdom,English,Soul,Solo,2018,7892.9,7895.6,0,7164.5,90.7715,728.4,9.2285
Dire Straits,Male,United Kingdom,English,Rock,Group,1978,7891.3,7595.8,298.7,7890.8,99.9937,0.5,0.0063
NewJeans,Female,South Korea,Korean,K-Pop,Group,2022,7886.9,7880.6,5.3,7566,95.9312,320.9,4.0688
Avenged Sevenfold,Male,United States,English,Metal,Group,2001,7871.9,7152,706.6,7858.1,99.8247,13.8,0.1753
Ricardo Arjona,Male,Guatemala,Spanish,Latin,Solo,1985,7852.2,7854.4,4,7062,89.9366,790.2,10.0634
Los Ángeles Azules,Mixed,Mexico,Spanish,Latin,Group,1982,7838.9,7528,310.9,2829.8,36.0995,5009.1,63.9005
Rex Orange County,Male,United Kingdom,English,Pop,Solo,2015,7824.1,6895.6,928.5,6188.5,79.0954,1635.6,20.9046
ScHoolboy Q,Male,United States,English,Hip-Hop,Solo,2008,7817.3,4590.4,3227,1655.2,21.1736,6162.1,78.8264
6LACK,Male,United States,English,R&B,Solo,2016,7810.5,3575.2,4235.2,2342.1,29.9866,5468.4,70.0134
Disclosure,Male,United Kingdom,English,EDM,Group,2010,7787.8,5988.8,1801.6,801,10.2853,6986.8,89.7147
Brytiago,Male,United States,Spanish,Reggaeton,Solo,2014,7785.3,2720.2,5065.1,69.3,0.8901,7716,99.1099
Alesso,Male,Sweden,English,EDM,Solo,2010,7765.7,4434.2,3331.5,781.1,10.0583,6984.6,89.9417
RAF Camora,Male,Austria,German,Hip-Hop,Solo,2006,7738.2,3470.6,4267.7,1580.4,20.4234,6157.8,79.5766
Nelly,Male,United States,English,Hip-Hop,Solo,2000,7729.6,6445.6,1287.7,2355.3,30.4712,5374.3,69.5288
Mumford & Sons,Male,United Kingdom,English,Rock,Group,2009,7713.9,7713.9,0,7200.6,93.3458,513.3,6.6542
Kumaar,Male,India,Hindi,Pop,Solo,1999,7689.5,107.1,7598.6,0,0,7689.5,100
Pearl Jam,Male,United States,English,Rock,Group,1991,7673.1,7673.1,0,7659.2,99.8188,13.9,0.1812
Zion,Male,United States,Spanish,Reggaeton,Solo,2004,7661.6,1713.9,5947.7,560.9,7.3209,7100.7,92.6791
Ryan Castro,Male,Colombia,Spanish,Reggaeton,Solo,2017,7645.2,4203.6,3448.5,1809.6,23.6698,5835.6,76.3302
Nelly Furtado,Female,Canada,English,Pop,Solo,2000,7628.1,6657.6,974.8,3569,46.7875,4059.1,53.2125
Wesley Safadão,Male,Brazil,Portuguese,Latin,Solo,2003,7618.8,5257.8,2361,2908.3,38.1727,4710.5,61.8273
Disturbed,Male,United States,English,Metal,Group,2000,7612.3,7614.9,0,6849.1,89.9741,763.2,10.0259
H.E.R.,Female,United States,English,R&B,Solo,2016,7608.2,3801.5,3806.7,2191.8,28.8084,5416.4,71.1916
Rita Ora,Female,United Kingdom,English,Pop,Solo,2012,7596.7,3575.7,4021,2786.1,36.6751,4810.6,63.3249
Kevin Gates,Male,United States,English,Hip-Hop,Solo,2007,7589.1,6273.4,1315.7,5418.2,71.3945,2170.9,28.6055
beabadoobee,Female,Philippines,English,Rock,Solo,2017,7552.8,5418.1,2144.1,4710,62.361,2842.8,37.639
Karan Aujla,Male,India,Punjabi,Hip-Hop,Solo,2014,7550.3,6212.4,1334.7,1537.2,20.3595,6013.1,79.6405
Céline Dion,Female,Canada,French,Pop,Solo,1981,7543.1,7093.1,450,6268.7,83.1051,1274.4,16.8949
Bryan Adams,Male,Canada,English,Rock,Solo,1980,7503.2,5958.2,1568.1,6592.7,87.8652,910.5,12.1348
ENHYPEN,Male,South Korea,Korean,K-Pop,Group,2020,7486.2,7178.8,328.1,7290.2,97.3818,196,2.6182
Dominic Fike,Male,United States,English,Alternative,Solo,2017,7485.1,6757.7,735.7,6205.8,82.9087,1279.3,17.0913
Ana Castela,Female,Brazil,Portuguese,Sertanejo,Solo,2021,7467.3,7464.6,26,1330.8,17.8217,6136.5,82.1783
LANY,Male,United States,English,Pop,Group,2014,7453.2,2524.9,4942.4,6424.3,86.1952,1028.9,13.8048
Johnny Cash,Male,United States,English,Country,Solo,1955,7450.6,6491.8,961.4,5866.4,78.7373,1584.2,21.2627
B.o.B,Male,United States,English,Hip-Hop,Solo,2007,7431.9,6391.9,1058.7,528.2,7.1072,6903.7,92.8928
Jason Aldean,Male,United States,English,Country,Solo,2005,7423.5,7117.2,319.9,6510.5,87.7012,913,12.2988
Luan Santana,Male,Brazil,Portuguese,Sertanejo,Solo,2009,7416.8,4668.1,2767,4913.6,66.2496,2503.2,33.7504
KHEA,Male,Argentina,Spanish,Hip-Hop,Solo,2017,7405.6,6405.3,1014.5,639.2,8.6313,6766.4,91.3687
Maiara & Maraisa,Female,Brazil,Portuguese,Sertanejo,Group,2013,7388.4,3471.7,3933.9,2317.8,31.3708,5070.6,68.6292
Mc IG,Male,Brazil,Portuguese,Latin,Solo,2015,7387.8,2807.5,4581,359.7,4.8688,7028.1,95.1312
Tiago PZK,Male,Argentina,Spanish,Hip-Hop,Solo,2018,7377.9,4274.5,3113.3,716.5,9.7114,6661.4,90.2886
Tom Odell,Male,United Kingdom,English,Pop,Solo,2012,7352.6,3894,3483.8,6069.3,82.5463,1283.3,17.4537
Macklemore & Ryan Lewis,Mixed,United States,English,Hip-Hop,Group,2009,7347.9,6711.8,643.7,114.9,1.5637,7233,98.4363
Thomas Rhett,Male,United States,English,Country,Solo,2012,7337.5,3928,3422.3,5340.9,72.7891,1996.6,27.2109
MØ,Female,Denmark,English,Pop,Solo,2006,7335.2,6735.6,602,1341.8,18.2926,5993.4,81.7074
Five Finger Death Punch,Male,United States,English,Metal,Group,2007,7326.6,1671.1,5664.1,6816.6,93.0391,510,6.9609
Kane Brown,Male,United States,English,Country,Solo,2014,7313.2,7318.3,8.3,2901.6,39.6762,4411.6,60.3238
Laufey,Female,Iceland,English,Pop,Solo,2020,7286.8,4703.7,2609.5,6083.2,83.4825,1203.6,16.5175
Grupo Menos É Mais,Male,Brazil,Portuguese,Latin,Group,2016,7277.6,6836.9,455.9,3003,41.2636,4274.6,58.7364
Nicki Nicole,Female,Argentina,Spanish,Latin,Solo,2019,7256.2,2470.4,4785.8,976.1,13.4519,6280.1,86.5481
Moneybagg Yo,Male,United States,English,Hip-Hop,Solo,2012,7252.1,4583.7,2668.4,2499,34.459,4753.1,65.541
Magenta,Female,Italy,Italian,Pop,Solo,1997,7239.7,0,7239.7,0,0,7239.7,100
Ryan Lewis,Male,United States,English,Hip-Hop,Solo,2008,7237.6,0,7237.6,0,0,7237.6,100
Morad,Male,Spain,Spanish,Hip-Hop,Solo,2018,7209.6,3303.8,3905.7,2183.8,30.2902,5025.8,69.7098
Calum Scott,Male,United Kingdom,English,Pop,Solo,2016,7192.6,4689.2,2505.3,3982.2,55.3652,3210.4,44.6348
TOMORROW X TOGETHER,Male,South Korea,Korean,K-Pop,Group,2019,7182.1,6877.5,304.7,6118.4,85.1896,1063.7,14.8104
Grupo Marca Registrada,Male,Mexico,Spanish,Regional Mexican,Group,2015,7123.4,5595.9,1527.5,3002,42.1428,4121.4,57.8572
benny blanco,Male,United States,English,Pop,Solo,2007,7114.1,4400.3,2716,3.9,0.0548,7110.2,99.9452
JID,Male,United States,English,Hip-Hop,Solo,2010,7073.7,2882.3,4191.4,1158.3,16.3747,5915.4,83.6253
YNW Melly,Male,United States,English,Hip-Hop,Solo,2017,7061.3,7067.3,0,4346.8,61.5581,2714.5,38.4419
Juan Gabriel,Male,Mexico,Spanish,Latin,Solo,1971,7059.2,6505.8,557.1,5676.3,80.41,1382.9,19.59
Los Temerarios,Male,Mexico,Spanish,Latin,Group,1977,7059.2,6607.2,446.9,7059.2,100,0,0
Jason Mraz,Male,United States,English,Pop,Solo,2002,7048.5,6851.4,199.1,5805,82.3579,1243.5,17.6421
The Cure,Male,United Kingdom,English,Rock,Group,1979,7034.1,7035,3.3,6940.1,98.6637,94,1.3363
The Marías,Mixed,United States,English,Pop,Group,2017,7029.1,5774.4,1261.4,5705.9,81.1754,1323.2,18.8246
Limp Bizkit,Male,United States,English,Nu Metal,Group,1997,7018.9,7018.4,5.4,6806,96.9668,212.9,3.0332
Korn,Male,United States,English,Metal,Group,1994,6976.4,4188.4,2798.5,6414.9,91.9514,561.5,8.0486
Omar Courtz,Male,United States,Spanish,Reggaeton,Solo,2017,6972,6956,20.3,1876.2,26.9105,5095.8,73.0895
